{"client/Client1/gradient_norm":0.23736078179275502,"agg/gradient_divergence":0.15633105235024936,"comm/bytes_per_client_mb":2.330816,"round":10,"client/Client2/accuracy":69.55,"client/Client2/loss":1.4789051667899842,"round/participation_rate":1,"round/duration_sec":15.15875792503357,"client/Client1/train_time_sec":0.002008199691772461,"round/accuracy":79.77,"client/Client2/gradient_norm":0.458446276246536,"_wandb":{"runtime":314},"client/Client2/status":0,"round/num_stragglers":0,"sys/Client2/cpu_pct":75.3,"round/num_failures":0,"comm/total_bytes_down_mb":0,"_runtime":314.295111459,"client/Client2/train_time_sec":0.0027039051055908203,"comm/total_bytes_mb":4.661632,"client/Client1/loss":0.9367973172360924,"round/loss":0.9367973172360924,"_step":10,"_timestamp":1.773376882814066e+09,"client/Client1/accuracy":79.77,"client/Client1/bytes_sent_mb":2.330816,"sys/Client2/ram_mb":1754.722304,"sys/Client1/cpu_pct":75.2,"sys/Client1/ram_mb":1789.386752,"client/Client1/status":0,"comm/total_bytes_up_mb":4.661632,"client/Client2/bytes_sent_mb":2.330816}